ProbeTemp,Time
141.6,0
141.6,1
141.6,2
83.98,3
83.98,4
83.01,5
83.98,6
83.98,7
83.98,8
84.96,9
83.98,10
84.96,11
84.96,12
84.96,13
84.96,14
86.91,15
85.94,16
86.91,17
86.91,18
87.89,19
86.91,20
88.87,21
88.87,22
90.82,23
88.87,24
90.82,25
90.82,26
90.82,27
91.8,28
91.8,29
93.75,30
92.77,31
92.77,32
93.75,33
93.75,34
93.75,35
93.75,36
95.7,37
95.7,38
96.68,39
95.7,40
96.68,41
96.68,42
97.66,43
97.66,44
98.63,45
98.63,46
98.63,47
98.63,48
99.61,49
98.63,50
100.59,51
100.59,52
100.59,53
100.59,54
101.56,55
101.56,56
102.54,57
102.54,58
102.54,59
102.54,60
103.52,61
103.52,62
104.49,63
103.52,64
104.49,65
104.49,66
104.49,67
105.47,68
105.47,69
106.45,70
107.42,71
106.45,72
106.45,73
107.42,74
106.45,75
107.42,76
108.4,77
108.4,78
108.4,79
108.4,80
109.37,81
109.37,82
109.37,83
109.37,84
110.35,85
110.35,86
111.33,87
111.33,88
112.3,89
111.33,90
114.26,91
114.26,92
113.28,93
112.3,94
113.28,95
113.28,96
113.28,97
113.28,98
113.28,99
113.28,100
115.23,101
115.23,102
115.23,103
113.28,104
117.19,105
115.23,106
115.23,107
116.21,108
118.16,109
117.19,110
116.21,111
116.21,112
117.19,113
118.16,114
118.16,115
117.19,116
119.14,117
119.14,118
119.14,119
118.16,120
120.12,121
120.12,122
119.14,123
121.09,124
122.07,125
120.12,126
120.12,127
120.12,128
120.12,129
120.12,130
122.07,131
121.09,132
122.07,133
121.09,134
122.07,135
123.05,136
122.07,137
122.07,138
122.07,139
122.07,140
122.07,141
123.05,142
124.02,143
124.02,144
124.02,145
124.02,146
124.02,147
125,148
125.98,149
124.02,150
124.02,151
125,152
125,153
125,154
125,155
125,156
125.98,157
125.98,158
125.98,159
125.98,160
125.98,161
125.98,162
126.95,163
125.98,164
125.98,165
125.98,166
126.95,167
126.95,168
125.98,169
126.95,170
126.95,171
127.93,172
126.95,173
127.93,174
127.93,175
127.93,176
127.93,177
126.95,178
126.95,179
127.93,180
127.93,181
129.88,182
129.88,183
129.88,184
129.88,185
128.91,186
128.91,187
128.91,188
127.93,189
128.91,190
129.88,191
128.91,192
128.91,193
128.91,194
129.88,195
129.88,196
130.86,197
129.88,198
129.88,199
129.88,200
129.88,201
129.88,202
130.86,203
130.86,204
130.86,205
130.86,206
130.86,207
131.84,208
132.81,209
130.86,210
131.84,211
131.84,212
131.84,213
131.84,214
130.86,215
131.84,216
131.84,217
133.79,218
132.81,219
131.84,220
132.81,221
132.81,222
131.84,223
132.81,224
132.81,225
133.79,226
133.79,227
132.81,228
135.74,229
133.79,230
133.79,231
133.79,232
133.79,233
133.79,234
133.79,235
134.77,236
134.77,237
134.77,238
134.77,239
134.77,240
134.77,241
135.74,242
134.77,243
135.74,244
135.74,245
136.72,246
135.74,247
135.74,248
135.74,249
136.72,250
136.72,251
136.72,252
136.72,253
136.72,254
136.72,255
136.72,256
136.72,257
136.72,258
137.7,259
136.72,260
136.72,261
136.72,262
136.72,263
136.72,264
137.7,265
137.7,266
137.7,267
137.7,268
138.67,269
137.7,270
138.67,271
138.67,272
138.67,273
138.67,274
138.67,275
137.7,276
137.7,277
138.67,278
139.65,279
138.67,280
138.67,281
138.67,282
138.67,283
139.65,284
139.65,285
139.65,286
139.65,287
139.65,288
139.65,289
138.67,290
139.65,291
139.65,292
139.65,293
139.65,294
139.65,295
139.65,296
139.65,297
140.63,298
139.65,299
139.65,300
139.65,301
140.63,302
140.63,303
140.63,304
140.63,305
140.63,306
141.6,307
140.63,308
141.6,309
140.63,310
141.6,311
141.6,312
141.6,313
141.6,314
141.6,315
141.6,316
141.6,317
141.6,318
141.6,319
141.6,320
141.6,321
140.63,322
141.6,323
141.6,324
141.6,325
142.58,326
142.58,327
142.58,328
141.6,329
142.58,330
142.58,331
143.55,332
141.6,333
141.6,334
141.6,335
141.6,336
140.63,337
140.63,338
140.63,339
140.63,340
140.63,341
140.63,342
138.67,343
138.67,344
137.7,345
138.67,346
138.67,347
136.72,348
137.7,349
136.72,350
135.74,351
137.7,352
135.74,353
134.77,354
135.74,355
135.74,356
135.74,357
134.77,358
136.72,359
134.77,360
134.77,361
134.77,362
135.74,363
135.74,364
135.74,365
135.74,366
136.72,367
136.72,368
136.72,369
136.72,370
136.72,371
135.74,372
136.72,373
137.7,374
137.7,375
138.67,376
137.7,377
137.7,378
137.7,379
137.7,380
137.7,381
137.7,382
137.7,383
137.7,384
138.67,385
139.65,386
139.65,387
138.67,388
138.67,389
138.67,390
139.65,391
139.65,392
138.67,393
139.65,394
139.65,395
139.65,396
140.63,397
139.65,398
140.63,399
139.65,400
139.65,401
139.65,402
139.65,403
140.63,404
141.6,405
141.6,406
140.63,407
140.63,408
141.6,409
141.6,410
140.63,411
141.6,412
141.6,413
141.6,414
142.58,415
141.6,416
142.58,417
141.6,418
141.6,419
141.6,420
141.6,421
143.55,422
141.6,423
141.6,424
141.6,425
141.6,426
141.6,427
141.6,428
141.6,429
139.65,430
138.67,431
139.65,432
138.67,433
138.67,434
138.67,435
137.7,436
136.72,437
136.72,438
136.72,439
135.74,440
136.72,441
135.74,442
134.77,443
135.74,444
134.77,445
134.77,446
134.77,447
134.77,448
134.77,449
136.72,450
137.7,451
135.74,452
135.74,453
135.74,454
135.74,455
135.74,456
135.74,457
136.72,458
134.77,459
136.72,460
137.7,461
136.72,462
136.72,463
136.72,464
136.72,465
136.72,466
137.7,467
137.7,468
137.7,469
137.7,470
137.7,471
137.7,472
137.7,473
137.7,474
138.67,475
138.67,476
138.67,477
139.65,478
139.65,479
138.67,480
138.67,481
138.67,482
138.67,483
138.67,484
139.65,485
139.65,486
139.65,487
139.65,488
139.65,489
141.6,490
140.63,491
140.63,492
140.63,493
140.63,494
140.63,495
140.63,496
140.63,497
141.6,498
141.6,499
140.63,500
141.6,501
140.63,502
139.65,503
140.63,504
140.63,505
139.65,506
139.65,507
139.65,508
138.67,509
138.67,510
138.67,511
137.7,512
137.7,513
137.7,514
136.72,515
136.72,516
136.72,517
136.72,518
135.74,519
134.77,520
135.74,521
135.74,522
134.77,523
135.74,524
135.74,525
135.74,526
134.77,527
135.74,528
135.74,529
135.74,530
136.72,531
136.72,532
137.7,533
136.72,534
136.72,535
136.72,536
136.72,537
136.72,538
136.72,539
136.72,540
136.72,541
136.72,542
137.7,543
137.7,544
138.67,545
137.7,546
138.67,547
138.67,548
139.65,549
137.7,550
137.7,551
138.67,552
139.65,553
139.65,554
139.65,555
139.65,556
139.65,557
139.65,558
139.65,559
139.65,560
139.65,561
139.65,562
140.63,563
140.63,564
140.63,565
140.63,566
139.65,567
140.63,568
140.63,569
140.63,570
141.6,571
140.63,572
143.55,573
140.63,574
140.63,575
141.6,576
142.58,577
141.6,578
142.58,579
140.63,580
141.6,581
141.6,582
141.6,583
141.6,584
141.6,585
139.65,586
138.67,587
138.67,588
138.67,589
138.67,590
137.7,591
137.7,592
137.7,593
136.72,594
137.7,595
138.67,596
135.74,597
136.72,598
135.74,599
137.7,600
136.72,601
136.72,602
136.72,603
135.74,604
135.74,605
135.74,606
135.74,607
135.74,608
135.74,609
136.72,610
136.72,611
136.72,612
136.72,613
137.7,614
136.72,615
136.72,616
136.72,617
137.7,618
139.65,619
135.74,620
138.67,621
138.67,622
138.67,623
138.67,624
137.7,625
138.67,626
138.67,627
138.67,628
138.67,629
140.63,630
139.65,631
139.65,632
137.7,633
138.67,634
139.65,635
140.63,636
139.65,637
138.67,638
138.67,639
137.7,640
138.67,641
137.7,642
137.7,643
137.7,644
137.7,645
138.67,646
137.7,647
135.74,648
136.72,649
136.72,650
136.72,651
136.72,652
136.72,653
135.74,654
135.74,655
136.72,656
135.74,657
135.74,658
136.72,659
135.74,660
135.74,661
136.72,662
136.72,663
137.7,664
135.74,665
136.72,666
136.72,667
137.7,668
136.72,669
136.72,670
137.7,671
136.72,672
137.7,673
138.67,674
137.7,675
137.7,676
137.7,677
138.67,678
138.67,679
138.67,680
138.67,681
138.67,682
140.63,683
138.67,684
138.67,685
139.65,686
138.67,687
137.7,688
139.65,689
137.7,690
137.7,691
137.7,692
136.72,693
136.72,694
137.7,695
136.72,696
136.72,697
136.72,698
136.72,699
137.7,700
133.79,701
136.72,702
135.74,703
135.74,704
136.72,705
135.74,706
135.74,707
136.72,708
135.74,709
135.74,710
136.72,711
136.72,712
136.72,713
135.74,714
136.72,715
136.72,716
137.7,717
137.7,718
137.7,719
137.7,720
137.7,721
137.7,722
138.67,723
138.67,724
138.67,725
138.67,726
138.67,727
138.67,728
140.63,729
138.67,730
139.65,731
139.65,732
138.67,733
138.67,734
139.65,735
139.65,736
138.67,737
139.65,738
140.63,739
139.65,740
138.67,741
139.65,742
138.67,743
137.7,744
138.67,745
137.7,746
137.7,747
137.7,748
137.7,749
135.74,750
136.72,751
136.72,752
135.74,753
135.74,754
134.77,755
135.74,756
135.74,757
134.77,758
134.77,759
135.74,760
135.74,761
135.74,762
134.77,763
135.74,764
135.74,765
135.74,766
137.7,767
135.74,768
137.7,769
135.74,770
136.72,771
136.72,772
137.7,773
136.72,774
137.7,775
137.7,776
138.67,777
137.7,778
137.7,779
137.7,780
138.67,781
137.7,782
138.67,783
138.67,784
138.67,785
138.67,786
139.65,787
138.67,788
139.65,789
139.65,790
140.63,791
140.63,792
140.63,793
140.63,794
140.63,795
140.63,796
139.65,797
140.63,798
141.6,799
140.63,800
140.63,801
140.63,802
140.63,803
141.6,804
143.55,805
141.6,806
140.63,807
140.63,808
141.6,809
140.63,810
142.58,811
140.63,812
140.63,813
140.63,814
140.63,815
140.63,816
140.63,817
139.65,818
139.65,819
139.65,820
139.65,821
137.7,822
138.67,823
137.7,824
137.7,825
136.72,826
136.72,827
134.77,828
136.72,829
136.72,830
135.74,831
136.72,832
135.74,833
136.72,834
135.74,835
137.7,836
136.72,837
136.72,838
136.72,839
136.72,840
136.72,841
137.7,842
137.7,843
138.67,844
137.7,845
137.7,846
138.67,847
138.67,848
137.7,849
138.67,850
138.67,851
138.67,852
139.65,853
138.67,854
139.65,855
139.65,856
139.65,857
140.63,858
140.63,859
140.63,860
140.63,861
139.65,862
140.63,863
140.63,864
140.63,865
140.63,866
141.6,867
140.63,868
142.58,869
141.6,870
141.6,871
141.6,872
141.6,873
142.58,874
141.6,875
142.58,876
140.63,877
140.63,878
139.65,879
140.63,880
139.65,881
138.67,882
139.65,883
139.65,884
139.65,885
139.65,886
138.67,887
137.7,888
136.72,889
136.72,890
135.74,891
136.72,892
136.72,893
136.72,894
135.74,895
134.77,896
135.74,897
136.72,898
135.74,899
134.77,900
134.77,901
134.77,902
133.79,903
135.74,904
135.74,905
135.74,906
134.77,907
136.72,908
135.74,909
135.74,910
135.74,911
136.72,912
136.72,913
136.72,914
136.72,915
136.72,916
136.72,917
138.67,918
137.7,919
137.7,920
137.7,921
137.7,922
139.65,923
137.7,924
137.7,925
137.7,926
138.67,927
138.67,928
138.67,929
138.67,930
138.67,931
139.65,932
139.65,933
139.65,934
139.65,935
139.65,936
139.65,937
140.63,938
140.63,939
140.63,940
140.63,941
141.6,942
141.6,943
141.6,944
140.63,945
141.6,946
141.6,947
141.6,948
141.6,949
141.6,950
141.6,951
141.6,952
141.6,953
141.6,954
142.58,955
142.58,956
141.6,957
142.58,958
142.58,959
142.58,960
141.6,961
143.55,962
140.63,963
140.63,964
140.63,965
140.63,966
140.63,967
139.65,968
139.65,969
139.65,970
139.65,971
137.7,972
138.67,973
137.7,974
139.65,975
136.72,976
138.67,977
137.7,978
136.72,979
136.72,980
136.72,981
136.72,982
136.72,983
135.74,984
135.74,985
135.74,986
136.72,987
136.72,988
135.74,989
136.72,990
136.72,991
136.72,992
136.72,993
136.72,994
136.72,995
137.7,996
137.7,997
137.7,998
137.7,999
137.7,1000
137.7,1001
138.67,1002
140.63,1003
138.67,1004
139.65,1005
139.65,1006
138.67,1007
138.67,1008
139.65,1009
139.65,1010
139.65,1011
139.65,1012
139.65,1013
139.65,1014
140.63,1015
139.65,1016
140.63,1017
140.63,1018
140.63,1019
140.63,1020
141.6,1021
140.63,1022
142.58,1023
141.6,1024
141.6,1025
141.6,1026
141.6,1027
141.6,1028
141.6,1029
141.6,1030
142.58,1031
141.6,1032
142.58,1033
141.6,1034
141.6,1035
141.6,1036
141.6,1037
141.6,1038
139.65,1039
140.63,1040
140.63,1041
139.65,1042
138.67,1043
140.63,1044
138.67,1045
138.67,1046
137.7,1047
137.7,1048
137.7,1049
137.7,1050
136.72,1051
135.74,1052
136.72,1053
138.67,1054
136.72,1055
135.74,1056
136.72,1057
135.74,1058
136.72,1059
137.7,1060
135.74,1061
135.74,1062
137.7,1063
137.7,1064
137.7,1065
137.7,1066
137.7,1067
137.7,1068
137.7,1069
137.7,1070
137.7,1071
137.7,1072
137.7,1073
137.7,1074
137.7,1075
137.7,1076
138.67,1077
138.67,1078
139.65,1079
140.63,1080
139.65,1081
139.65,1082
138.67,1083
139.65,1084
139.65,1085
141.6,1086
140.63,1087
140.63,1088
140.63,1089
140.63,1090
140.63,1091
140.63,1092
143.55,1093
140.63,1094
140.63,1095
140.63,1096
141.6,1097
141.6,1098
141.6,1099
142.58,1100
142.58,1101
140.63,1102
142.58,1103
141.6,1104
140.63,1105
140.63,1106
139.65,1107
139.65,1108
141.6,1109
139.65,1110
138.67,1111
138.67,1112
138.67,1113
137.7,1114
137.7,1115
137.7,1116
137.7,1117
137.7,1118
137.7,1119
136.72,1120
136.72,1121
136.72,1122
136.72,1123
135.74,1124
135.74,1125
135.74,1126
135.74,1127
135.74,1128
136.72,1129
135.74,1130
136.72,1131
136.72,1132
135.74,1133
135.74,1134
135.74,1135
135.74,1136
136.72,1137
136.72,1138
137.7,1139
138.67,1140
137.7,1141
137.7,1142
137.7,1143
137.7,1144
138.67,1145
138.67,1146
138.67,1147
138.67,1148
138.67,1149
138.67,1150
138.67,1151
139.65,1152
141.6,1153
141.6,1154
141.6,1155
141.6,1156
140.63,1157
140.63,1158
141.6,1159
140.63,1160
140.63,1161
141.6,1162
141.6,1163
140.63,1164
140.63,1165
141.6,1166
141.6,1167
141.6,1168
142.58,1169
140.63,1170
140.63,1171
140.63,1172
139.65,1173
139.65,1174
139.65,1175
139.65,1176
138.67,1177
138.67,1178
137.7,1179
137.7,1180
137.7,1181
137.7,1182
137.7,1183
136.72,1184
136.72,1185
135.74,1186
137.7,1187
135.74,1188
136.72,1189
135.74,1190
135.74,1191
135.74,1192
136.72,1193
136.72,1194
136.72,1195
135.74,1196
136.72,1197
136.72,1198
137.7,1199
136.72,1200
136.72,1201
136.72,1202
136.72,1203
136.72,1204
137.7,1205
137.7,1206
139.65,1207
137.7,1208
138.67,1209
137.7,1210
139.65,1211
138.67,1212
138.67,1213
138.67,1214
138.67,1215
140.63,1216
139.65,1217
139.65,1218
138.67,1219
138.67,1220
137.7,1221
136.72,1222
138.67,1223
137.7,1224
137.7,1225
136.72,1226
135.74,1227
136.72,1228
136.72,1229
136.72,1230
136.72,1231
135.74,1232
136.72,1233
138.67,1234
136.72,1235
137.7,1236
136.72,1237
136.72,1238
138.67,1239
136.72,1240
136.72,1241
137.7,1242
136.72,1243
137.7,1244
136.72,1245
137.7,1246
136.72,1247
136.72,1248
136.72,1249
137.7,1250
137.7,1251
139.65,1252
137.7,1253
137.7,1254
137.7,1255
137.7,1256
137.7,1257
137.7,1258
138.67,1259
138.67,1260
140.63,1261
138.67,1262
138.67,1263
139.65,1264
139.65,1265
138.67,1266
139.65,1267
140.63,1268
141.6,1269
140.63,1270
140.63,1271
140.63,1272
140.63,1273
140.63,1274
141.6,1275
141.6,1276
141.6,1277
141.6,1278
141.6,1279
141.6,1280
141.6,1281
141.6,1282
141.6,1283
141.6,1284
141.6,1285
141.6,1286
140.63,1287
140.63,1288
141.6,1289
141.6,1290
140.63,1291
140.63,1292
140.63,1293
140.63,1294
139.65,1295
140.63,1296
139.65,1297
138.67,1298
137.7,1299
137.7,1300
139.65,1301
137.7,1302
137.7,1303
137.7,1304
138.67,1305
137.7,1306
136.72,1307
135.74,1308
135.74,1309
135.74,1310
135.74,1311
135.74,1312
135.74,1313
135.74,1314
135.74,1315
135.74,1316
135.74,1317
135.74,1318
134.77,1319
135.74,1320
137.7,1321
137.7,1322
137.7,1323
137.7,1324
137.7,1325
136.72,1326
137.7,1327
136.72,1328
138.67,1329
137.7,1330
138.67,1331
138.67,1332
138.67,1333
138.67,1334
137.7,1335
138.67,1336
138.67,1337
139.65,1338
139.65,1339
139.65,1340
139.65,1341
139.65,1342
139.65,1343
139.65,1344
140.63,1345
140.63,1346
140.63,1347
141.6,1348
140.63,1349
141.6,1350
141.6,1351
140.63,1352
141.6,1353
141.6,1354
141.6,1355
141.6,1356
141.6,1357
142.58,1358
141.6,1359
142.58,1360
142.58,1361
141.6,1362
142.58,1363
141.6,1364
141.6,1365
141.6,1366
140.63,1367
141.6,1368
142.58,1369
140.63,1370
140.63,1371
140.63,1372
139.65,1373
140.63,1374
139.65,1375
138.67,1376
138.67,1377
138.67,1378
138.67,1379
137.7,1380
137.7,1381
137.7,1382
136.72,1383
136.72,1384
135.74,1385
136.72,1386
135.74,1387
135.74,1388
135.74,1389
135.74,1390
135.74,1391
135.74,1392
135.74,1393
135.74,1394
135.74,1395
136.72,1396
135.74,1397
135.74,1398
135.74,1399
137.7,1400
136.72,1401
137.7,1402
136.72,1403
136.72,1404
137.7,1405
137.7,1406
138.67,1407
137.7,1408
138.67,1409
137.7,1410
137.7,1411
137.7,1412
140.63,1413
139.65,1414
139.65,1415
141.6,1416
139.65,1417
139.65,1418
140.63,1419
139.65,1420
139.65,1421
140.63,1422
139.65,1423
140.63,1424
140.63,1425
140.63,1426
139.65,1427
140.63,1428
139.65,1429
139.65,1430
138.67,1431
138.67,1432
139.65,1433
140.63,1434
137.7,1435
137.7,1436
137.7,1437
137.7,1438
137.7,1439
136.72,1440
135.74,1441
136.72,1442
135.74,1443
135.74,1444
135.74,1445
135.74,1446
135.74,1447
135.74,1448
136.72,1449
135.74,1450
136.72,1451
136.72,1452
137.7,1453
136.72,1454
136.72,1455
137.7,1456
136.72,1457
137.7,1458
137.7,1459
137.7,1460
138.67,1461
138.67,1462
138.67,1463
137.7,1464
138.67,1465
139.65,1466
138.67,1467
138.67,1468
138.67,1469
138.67,1470
139.65,1471
138.67,1472
138.67,1473
138.67,1474
138.67,1475
139.65,1476
140.63,1477
137.7,1478
137.7,1479
138.67,1480
137.7,1481
137.7,1482
137.7,1483
137.7,1484
136.72,1485
136.72,1486
136.72,1487
136.72,1488
135.74,1489
136.72,1490
134.77,1491
135.74,1492
134.77,1493
134.77,1494
135.74,1495
135.74,1496
135.74,1497
136.72,1498
135.74,1499
136.72,1500
136.72,1501
136.72,1502
136.72,1503
136.72,1504
135.74,1505
136.72,1506
136.72,1507
136.72,1508
135.74,1509
136.72,1510
137.7,1511
137.7,1512
137.7,1513
137.7,1514
137.7,1515
138.67,1516
138.67,1517
138.67,1518
138.67,1519
138.67,1520
139.65,1521
139.65,1522
139.65,1523
139.65,1524
139.65,1525
139.65,1526
139.65,1527
140.63,1528
140.63,1529
139.65,1530
140.63,1531
137.7,1532
138.67,1533
138.67,1534
137.7,1535
137.7,1536
137.7,1537
136.72,1538
136.72,1539
136.72,1540
136.72,1541
136.72,1542
135.74,1543
136.72,1544
135.74,1545
135.74,1546
135.74,1547
135.74,1548
137.7,1549
137.7,1550
138.67,1551
136.72,1552
137.7,1553
137.7,1554
137.7,1555
138.67,1556
137.7,1557
137.7,1558
136.72,1559
137.7,1560
138.67,1561
137.7,1562
138.67,1563
138.67,1564
138.67,1565
139.65,1566
138.67,1567
139.65,1568
139.65,1569
138.67,1570
139.65,1571
139.65,1572
139.65,1573
139.65,1574
140.63,1575
140.63,1576
140.63,1577
140.63,1578
140.63,1579
140.63,1580
140.63,1581
140.63,1582
140.63,1583
141.6,1584
142.58,1585
141.6,1586
141.6,1587
141.6,1588
141.6,1589
141.6,1590
141.6,1591
142.58,1592
141.6,1593
141.6,1594
142.58,1595
141.6,1596
140.63,1597
140.63,1598
140.63,1599
141.6,1600
139.65,1601
139.65,1602
139.65,1603
138.67,1604
138.67,1605
137.7,1606
137.7,1607
137.7,1608
137.7,1609
136.72,1610
136.72,1611
135.74,1612
135.74,1613
135.74,1614
135.74,1615
135.74,1616
133.79,1617
134.77,1618
134.77,1619
135.74,1620
135.74,1621
136.72,1622
135.74,1623
135.74,1624
135.74,1625
135.74,1626
136.72,1627
136.72,1628
138.67,1629
136.72,1630
136.72,1631
136.72,1632
137.7,1633
137.7,1634
137.7,1635
137.7,1636
138.67,1637
138.67,1638
138.67,1639
138.67,1640
138.67,1641
138.67,1642
139.65,1643
139.65,1644
139.65,1645
140.63,1646
140.63,1647
140.63,1648
140.63,1649
140.63,1650
140.63,1651
140.63,1652
141.6,1653
140.63,1654
140.63,1655
140.63,1656
141.6,1657
141.6,1658
141.6,1659
141.6,1660
143.55,1661
142.58,1662
142.58,1663
142.58,1664
142.58,1665
141.6,1666
142.58,1667
141.6,1668
141.6,1669
141.6,1670
142.58,1671
140.63,1672
141.6,1673
140.63,1674
140.63,1675
140.63,1676
140.63,1677
140.63,1678
140.63,1679
138.67,1680
137.7,1681
137.7,1682
137.7,1683
138.67,1684
137.7,1685
138.67,1686
135.74,1687
135.74,1688
136.72,1689
134.77,1690
135.74,1691
134.77,1692
135.74,1693
135.74,1694
135.74,1695
135.74,1696
134.77,1697
134.77,1698
134.77,1699
134.77,1700
135.74,1701
135.74,1702
136.72,1703
137.7,1704
135.74,1705
137.7,1706
136.72,1707
137.7,1708
137.7,1709
136.72,1710
138.67,1711
137.7,1712
138.67,1713
138.67,1714
138.67,1715
138.67,1716
138.67,1717
138.67,1718
138.67,1719
139.65,1720
139.65,1721
139.65,1722
140.63,1723
139.65,1724
139.65,1725
140.63,1726
140.63,1727
140.63,1728
140.63,1729
141.6,1730
141.6,1731
142.58,1732
141.6,1733
141.6,1734
141.6,1735
141.6,1736
141.6,1737
141.6,1738
141.6,1739
141.6,1740
141.6,1741
142.58,1742
140.63,1743
142.58,1744
139.65,1745
139.65,1746
137.7,1747
139.65,1748
138.67,1749
137.7,1750
137.7,1751
137.7,1752
136.72,1753
137.7,1754
136.72,1755
136.72,1756
136.72,1757
134.77,1758
136.72,1759
135.74,1760
136.72,1761
136.72,1762
136.72,1763
134.77,1764
136.72,1765
137.7,1766
135.74,1767
135.74,1768
136.72,1769
135.74,1770
136.72,1771
137.7,1772
136.72,1773
136.72,1774
136.72,1775
136.72,1776
137.7,1777
136.72,1778
138.67,1779
137.7,1780
137.7,1781
137.7,1782
137.7,1783
137.7,1784
138.67,1785
139.65,1786
140.63,1787
138.67,1788
139.65,1789
139.65,1790
138.67,1791
138.67,1792
140.63,1793
140.63,1794
140.63,1795
139.65,1796
140.63,1797
141.6,1798
142.58,1799
142.58,1800
140.63,1801
141.6,1802
141.6,1803
140.63,1804
140.63,1805
140.63,1806
140.63,1807
139.65,1808
139.65,1809
139.65,1810
139.65,1811
140.63,1812
139.65,1813
138.67,1814
138.67,1815
138.67,1816
137.7,1817
137.7,1818
137.7,1819
137.7,1820
135.74,1821
136.72,1822
135.74,1823
136.72,1824
135.74,1825
135.74,1826
134.77,1827
136.72,1828
135.74,1829
136.72,1830
135.74,1831
135.74,1832
136.72,1833
136.72,1834
136.72,1835
135.74,1836
136.72,1837
136.72,1838
136.72,1839
136.72,1840
136.72,1841
137.7,1842
136.72,1843
137.7,1844
137.7,1845
137.7,1846
137.7,1847
137.7,1848
138.67,1849
139.65,1850
138.67,1851
140.63,1852
138.67,1853
139.65,1854
139.65,1855
139.65,1856
139.65,1857
140.63,1858
140.63,1859
139.65,1860
140.63,1861
140.63,1862
139.65,1863
142.58,1864
139.65,1865
140.63,1866
139.65,1867
141.6,1868
140.63,1869
142.58,1870
142.58,1871
142.58,1872
141.6,1873
139.65,1874
141.6,1875
140.63,1876
138.67,1877
139.65,1878
140.63,1879
139.65,1880
138.67,1881
137.7,1882
137.7,1883
138.67,1884
136.72,1885
136.72,1886
136.72,1887
136.72,1888
134.77,1889
135.74,1890
135.74,1891
135.74,1892
135.74,1893
135.74,1894
135.74,1895
135.74,1896
136.72,1897
136.72,1898
137.7,1899
136.72,1900
136.72,1901
137.7,1902
137.7,1903
137.7,1904
137.7,1905
138.67,1906
138.67,1907
137.7,1908
136.72,1909
138.67,1910
138.67,1911
137.7,1912
139.65,1913
138.67,1914
138.67,1915
138.67,1916
139.65,1917
139.65,1918
139.65,1919
139.65,1920
140.63,1921
140.63,1922
140.63,1923
139.65,1924
140.63,1925
140.63,1926
141.6,1927
140.63,1928
139.65,1929
140.63,1930
141.6,1931
141.6,1932
140.63,1933
141.6,1934
141.6,1935
142.58,1936
140.63,1937
141.6,1938
141.6,1939
140.63,1940
141.6,1941
141.6,1942
142.58,1943
142.58,1944
142.58,1945
142.58,1946
140.63,1947
140.63,1948
140.63,1949
140.63,1950
139.65,1951
139.65,1952
138.67,1953
138.67,1954
138.67,1955
137.7,1956
138.67,1957
137.7,1958
137.7,1959
137.7,1960
135.74,1961
136.72,1962
135.74,1963
136.72,1964
136.72,1965
136.72,1966
136.72,1967
135.74,1968
134.77,1969
134.77,1970
135.74,1971
134.77,1972
135.74,1973
135.74,1974
135.74,1975
135.74,1976
135.74,1977
136.72,1978
136.72,1979
137.7,1980
136.72,1981
138.67,1982
137.7,1983
137.7,1984
137.7,1985
137.7,1986
137.7,1987
138.67,1988
137.7,1989
138.67,1990
138.67,1991
138.67,1992
138.67,1993
139.65,1994
139.65,1995
139.65,1996
139.65,1997
140.63,1998
139.65,1999
140.63,2000
140.63,2001
140.63,2002
140.63,2003
140.63,2004
141.6,2005
142.58,2006
140.63,2007
141.6,2008
140.63,2009
140.63,2010
140.63,2011
140.63,2012
141.6,2013
141.6,2014
140.63,2015
139.65,2016
140.63,2017
139.65,2018
138.67,2019
139.65,2020
139.65,2021
138.67,2022
137.7,2023
137.7,2024
137.7,2025
137.7,2026
137.7,2027
137.7,2028
135.74,2029
134.77,2030
135.74,2031
136.72,2032
134.77,2033
134.77,2034
134.77,2035
135.74,2036
135.74,2037
136.72,2038
134.77,2039
135.74,2040
135.74,2041
135.74,2042
135.74,2043
135.74,2044
135.74,2045
135.74,2046
136.72,2047
136.72,2048
136.72,2049
135.74,2050
136.72,2051
136.72,2052
136.72,2053
138.67,2054
136.72,2055
137.7,2056
137.7,2057
137.7,2058
137.7,2059
137.7,2060
138.67,2061
138.67,2062
139.65,2063
140.63,2064
139.65,2065
138.67,2066
138.67,2067
140.63,2068
139.65,2069
139.65,2070
140.63,2071
140.63,2072
140.63,2073
140.63,2074
139.65,2075
141.6,2076
142.58,2077
140.63,2078
142.58,2079
140.63,2080
141.6,2081
142.58,2082
141.6,2083
140.63,2084
140.63,2085
140.63,2086
140.63,2087
140.63,2088
139.65,2089
139.65,2090
139.65,2091
138.67,2092
137.7,2093
138.67,2094
138.67,2095
138.67,2096
136.72,2097
136.72,2098
136.72,2099
137.7,2100
135.74,2101
135.74,2102
136.72,2103
135.74,2104
134.77,2105
136.72,2106
136.72,2107
136.72,2108
137.7,2109
136.72,2110
136.72,2111
136.72,2112
136.72,2113
136.72,2114
137.7,2115
136.72,2116
136.72,2117
136.72,2118
136.72,2119
136.72,2120
137.7,2121
138.67,2122
137.7,2123
137.7,2124
137.7,2125
137.7,2126
137.7,2127
138.67,2128
137.7,2129
138.67,2130
138.67,2131
138.67,2132
139.65,2133
139.65,2134
139.65,2135
139.65,2136
139.65,2137
139.65,2138
140.63,2139
139.65,2140
139.65,2141
139.65,2142
140.63,2143
140.63,2144
139.65,2145
140.63,2146
140.63,2147
140.63,2148
141.6,2149
140.63,2150
140.63,2151
140.63,2152
138.67,2153
139.65,2154
140.63,2155
138.67,2156
137.7,2157
137.7,2158
137.7,2159
137.7,2160
137.7,2161
137.7,2162
136.72,2163
136.72,2164
136.72,2165
135.74,2166
136.72,2167
135.74,2168
135.74,2169
135.74,2170
135.74,2171
135.74,2172
135.74,2173
136.72,2174
136.72,2175
135.74,2176
136.72,2177
136.72,2178
136.72,2179
137.7,2180
137.7,2181
137.7,2182
137.7,2183
139.65,2184
138.67,2185
140.63,2186
138.67,2187
138.67,2188
138.67,2189
138.67,2190
139.65,2191
139.65,2192
138.67,2193
140.63,2194
139.65,2195
140.63,2196
140.63,2197
140.63,2198
140.63,2199
140.63,2200
140.63,2201
140.63,2202
141.6,2203
142.58,2204
141.6,2205
143.55,2206
140.63,2207
141.6,2208
141.6,2209
142.58,2210
141.6,2211
141.6,2212
140.63,2213
140.63,2214
140.63,2215
139.65,2216
139.65,2217
139.65,2218
139.65,2219
138.67,2220
138.67,2221
137.7,2222
137.7,2223
137.7,2224
137.7,2225
137.7,2226
137.7,2227
137.7,2228
137.7,2229
137.7,2230
137.7,2231
136.72,2232
135.74,2233
135.74,2234
135.74,2235
135.74,2236
135.74,2237
135.74,2238
135.74,2239
135.74,2240
135.74,2241
137.7,2242
135.74,2243
137.7,2244
135.74,2245
137.7,2246
136.72,2247
138.67,2248
138.67,2249
138.67,2250
137.7,2251
137.7,2252
137.7,2253
138.67,2254
137.7,2255
137.7,2256
138.67,2257
138.67,2258
138.67,2259
138.67,2260
138.67,2261
138.67,2262
139.65,2263
138.67,2264
138.67,2265
137.7,2266
137.7,2267
137.7,2268
138.67,2269
137.7,2270
136.72,2271
136.72,2272
136.72,2273
136.72,2274
136.72,2275
136.72,2276
136.72,2277
135.74,2278
136.72,2279
136.72,2280
136.72,2281
135.74,2282
135.74,2283
135.74,2284
137.7,2285
137.7,2286
136.72,2287
